question,vote,rep
"

Q: UnicodeEncodeError: 'ascii' codec can't encode character u'\xa0' in position 20: ordinal notâ€¦        
",1325,29
"

Q: How to find elements by class        
",404,16
"

Q: can we use xpath with BeautifulSoup?        
",109,9
"

Q: Difference between BeautifulSoup and Scrapy crawler?        
",135,8
"

Q: BeautifulSoup getting href [duplicate]        
",217,1
"

Q: ImportError: No module named BeautifulSoup        
",82,8
"

Q: BeautifulSoup Grab Visible Webpage Text        
",126,10
"

Q: Extracting an attribute value with beautifulsoup        
",113,7
"

Q: python BeautifulSoup parsing table        
",82,4
"

Q: Can I remove script tags with BeautifulSoup?        
",90,3
